<?xml version="1.0" encoding="UTF-8"?>
<project-private xmlns="http://www.netbeans.org/ns/project-private/1">
    <editor-bookmarks xmlns="http://www.netbeans.org/ns/editor-bookmarks/2" lastBookmarkId="0"/>
    <open-files xmlns="http://www.netbeans.org/ns/projectui-open-files/2">
        <group>
            <file>file:/C:/Users/Muhammad%20Figo/Documents/Project/Phone-Cell/src/image/1220384-20%20(1)1.png</file>
            <file>file:/C:/Users/Muhammad%20Figo/Documents/Project/Phone-Cell/src/view/input_barang.java</file>
            <file>file:/C:/Users/Muhammad%20Figo/Documents/Project/Phone-Cell/src/view/struck.java</file>
            <file>file:/C:/Users/Muhammad%20Figo/Documents/Project/Phone-Cell/src/image/1220384-20%20(1).png</file>
            <file>file:/C:/Users/Muhammad%20Figo/Documents/Project/Phone-Cell/src/config/koneksi.java</file>
            <file>file:/C:/Users/Muhammad%20Figo/Documents/Project/Phone-Cell/src/view/form_login.java</file>
            <file>file:/C:/Users/Muhammad%20Figo/Documents/Project/Phone-Cell/src/view/input_pelanggan.java</file>
            <file>file:/C:/Users/Muhammad%20Figo/Documents/Project/Phone-Cell/src/view/transaksi.java</file>
            <file>file:/C:/Users/Muhammad%20Figo/Documents/Project/Phone-Cell/src/view/struk_bayar.java</file>
        </group>
    </open-files>
</project-private>
